"Longitude (x)","Latitude (y)","Station Name","Climate ID","Date/Time","Year","Month","Day","Data Quality","Max Temp (°C)","Max Temp Flag","Min Temp (°C)","Min Temp Flag","Mean Temp (°C)","Mean Temp Flag","Heat Deg Days (°C)","Heat Deg Days Flag","Cool Deg Days (°C)","Cool Deg Days Flag","Total Rain (mm)","Total Rain Flag","Total Snow (cm)","Total Snow Flag","Total Precip (mm)","Total Precip Flag","Snow on Grnd (cm)","Snow on Grnd Flag","Dir of Max Gust (10s deg)","Dir of Max Gust Flag","Spd of Max Gust (km/h)","Spd of Max Gust Flag"
"-80.80","46.63","SUDBURY A","6068153","2016-01-01","2016","01","01","","-3.8","","-7.7","","-5.8","","23.8","","0.0","","0.0","","0.7","","0.0","T","30","","25","","43",""
"-80.80","46.63","SUDBURY A","6068153","2016-01-02","2016","01","02","","-2.3","","-5.0","","-3.7","","21.7","","0.0","","0.0","","0.0","T","0.0","T","30","","23","","41",""
"-80.80","46.63","SUDBURY A","6068153","2016-01-03","2016","01","03","","-3.1","","-18.6","","-10.9","","28.9","","0.0","","0.0","","3.0","","1.8","","28","","36","","52",""
"-80.80","46.63","SUDBURY A","6068153","2016-01-04","2016","01","04","","-15.7","","-21.4","","-18.6","","36.6","","0.0","","0.0","","0.0","T","0.0","T","29","","3","","39",""
"-80.80","46.63","SUDBURY A","6068153","2016-01-05","2016","01","05","","-3.0","","-21.2","","-12.1","","30.1","","0.0","","0.2","","0.5","","0.2","","28","","22","","59",""
"-80.80","46.63","SUDBURY A","6068153","2016-01-06","2016","01","06","","-0.1","","-3.0","","-1.6","","19.6","","0.0","","0.0","","0.0","T","0.0","T","23","","24","","44",""
"-80.80","46.63","SUDBURY A","6068153","2016-01-07","2016","01","07","","1.5","","-1.4","","0.1","","17.9","","0.0","","0.0","","2.0","","1.6","","20","","","","<31",""
"-80.80","46.63","SUDBURY A","6068153","2016-01-08","2016","01","08","","0.5","","-2.7","","-1.1","","19.1","","0.0","","0.0","","0.0","","0.0","","20","","","","<31",""
"-80.80","46.63","SUDBURY A","6068153","2016-01-09","2016","01","09","","1.7","","-3.0","","-0.7","","18.7","","0.0","","6.4","","2.4","","8.1","","19","","","","<31",""
"-80.80","46.63","SUDBURY A","6068153","2016-01-10","2016","01","10","","1.8","","-17.9","","-8.1","","26.1","","0.0","","9.8","","13.8","","21.4","","14","","34","","63",""
"-80.80","46.63","SUDBURY A","6068153","2016-01-11","2016","01","11","","-13.6","","-19.5","","-16.6","","34.6","","0.0","","0.0","","0.0","T","0.0","T","21","","28","","39",""
"-80.80","46.63","SUDBURY A","6068153","2016-01-12","2016","01","12","","-11.1","","-20.8","","-16.0","","34.0","","0.0","","0.0","","4.3","","2.6","","22","","33","","41",""
"-80.80","46.63","SUDBURY A","6068153","2016-01-13","2016","01","13","","-16.0","","-26.9","","-21.5","","39.5","","0.0","","","M","0.8","","","M","24","","","","<31",""
"-80.80","46.63","SUDBURY A","6068153","2016-01-14","2016","01","14","","-15.4","","-23.5","","-19.5","","37.5","","0.0","","0.2","","0.0","","0.2","","24","","","","<31",""
"-80.80","46.63","SUDBURY A","6068153","2016-01-15","2016","01","15","","-10.4","","-18.0","","-14.2","","32.2","","0.0","","0.0","","14.0","","14.4","","26","","4","","44",""
"-80.80","46.63","SUDBURY A","6068153","2016-01-16","2016","01","16","","-10.2","","-20.0","","-15.1","","33.1","","0.0","","0.0","","6.2","","4.2","","41","","3","","39",""
"-80.80","46.63","SUDBURY A","6068153","2016-01-17","2016","01","17","","-13.8","","-22.2","","-18.0","","36.0","","0.0","","0.0","","1.0","","0.4","","42","","","","<31",""
"-80.80","46.63","SUDBURY A","6068153","2016-01-18","2016","01","18","","-17.8","","-25.9","","-21.9","","39.9","","0.0","","0.0","","0.4","","0.2","","42","","","","<31",""
"-80.80","46.63","SUDBURY A","6068153","2016-01-19","2016","01","19","","-10.8","","-24.6","","-17.7","","35.7","","0.0","","0.0","","0.0","T","0.0","T","42","","30","","35",""
"-80.80","46.63","SUDBURY A","6068153","2016-01-20","2016","01","20","","-7.7","","-12.0","","-9.9","","27.9","","0.0","","0.0","","0.8","","0.6","","40","","","","<31",""
"-80.80","46.63","SUDBURY A","6068153","2016-01-21","2016","01","21","","-7.6","","-12.9","","-10.3","","28.3","","0.0","","0.0","","0.0","T","0.0","T","36","","","","<31",""
"-80.80","46.63","SUDBURY A","6068153","2016-01-22","2016","01","22","","-7.8","","-11.9","","-9.9","","27.9","","0.0","","0.0","","0.4","","0.4","","36","","","","<31",""
"-80.80","46.63","SUDBURY A","6068153","2016-01-23","2016","01","23","","-9.2","","-15.1","","-12.2","","30.2","","0.0","","0.0","","0.0","T","0.0","T","37","","","","<31",""
"-80.80","46.63","SUDBURY A","6068153","2016-01-24","2016","01","24","","-3.4","","-12.8","","-8.1","","26.1","","0.0","","0.0","","2.0","","1.0","","37","","","","<31",""
"-80.80","46.63","SUDBURY A","6068153","2016-01-25","2016","01","25","","-2.0","","-4.1","","-3.1","","21.1","","0.0","","1.2","","0.0","T","1.2","","38","","16","","32",""
"-80.80","46.63","SUDBURY A","6068153","2016-01-26","2016","01","26","","-0.7","","-11.5","","-6.1","","24.1","","0.0","","0.0","","9.8","","7.4","","40","","34","","41",""
"-80.80","46.63","SUDBURY A","6068153","2016-01-27","2016","01","27","","-2.8","","-14.6","","-8.7","","26.7","","0.0","","0.0","","1.0","","0.4","","40","","21","","61",""
"-80.80","46.63","SUDBURY A","6068153","2016-01-28","2016","01","28","","-0.3","","-17.9","","-9.1","","27.1","","0.0","","0.0","","14.4","","10.8","","40","","20","","61",""
"-80.80","46.63","SUDBURY A","6068153","2016-01-29","2016","01","29","","-13.5","","-23.9","","-18.7","","36.7","","0.0","","0.0","","0.2","","0.0","T","43","","35","","48",""
"-80.80","46.63","SUDBURY A","6068153","2016-01-30","2016","01","30","","0.6","","-16.4","","-7.9","","25.9","","0.0","","0.0","","2.8","","1.8","","40","","22","","48",""
"-80.80","46.63","SUDBURY A","6068153","2016-01-31","2016","01","31","","2.0","","-1.2","","0.4","","17.6","","0.0","","4.6","","10.7","","12.8","","38","","1","","39",""
"-80.80","46.63","SUDBURY A","6068153","2016-02-01","2016","02","01","","-1.2","","-13.0","","-7.1","","25.1","","0.0","","0.0","","1.0","","0.2","","43","","35","","41",""
"-80.80","46.63","SUDBURY A","6068153","2016-02-02","2016","02","02","","-3.8","","-14.8","","-9.3","","27.3","","0.0","","0.0","","3.4","","1.8","","40","","10","","39",""
"-80.80","46.63","SUDBURY A","6068153","2016-02-03","2016","02","03","","-0.4","","-8.0","","-4.2","","22.2","","0.0","","4.3","","8.7","","10.8","","50","","8","","48",""
"-80.80","46.63","SUDBURY A","6068153","2016-02-04","2016","02","04","","-8.1","","-17.7","","-12.9","","30.9","","0.0","","0.0","","0.0","T","0.0","T","51","","32","","32",""
"-80.80","46.63","SUDBURY A","6068153","2016-02-05","2016","02","05","","-5.0","","-17.0","","-11.0","","29.0","","0.0","","0.0","","4.8","","2.0","","51","","","","<31",""
"-80.80","46.63","SUDBURY A","6068153","2016-02-06","2016","02","06","","-2.2","","-12.2","","-7.2","","25.2","","0.0","","0.0","","3.8","","1.4","","56","","22","","48",""
"-80.80","46.63","SUDBURY A","6068153","2016-02-07","2016","02","07","","-4.4","","-14.9","","-9.7","","27.7","","0.0","","0.6","","5.6","","3.4","","62","","11","","35",""
"-80.80","46.63","SUDBURY A","6068153","2016-02-08","2016","02","08","","-3.6","","-5.0","","-4.3","","22.3","","0.0","","","M","14.2","","9.6","","63","","11","","33",""
"-80.80","46.63","SUDBURY A","6068153","2016-02-09","2016","02","09","","-4.6","","-15.6","","-10.1","","28.1","","0.0","","0.0","","7.4","","4.2","","70","","36","","48",""
"-80.80","46.63","SUDBURY A","6068153","2016-02-10","2016","02","10","","-15.6","","-21.8","","-18.7","","36.7","","0.0","","0.0","","3.5","","1.7","","64","","2","","44",""
"-80.80","46.63","SUDBURY A","6068153","2016-02-11","2016","02","11","","-16.0","","-26.7","","-21.4","","39.4","","0.0","","0.0","","0.7","","0.5","","58","","35","","41",""
"-80.80","46.63","SUDBURY A","6068153","2016-02-12","2016","02","12","","-13.5","","-30.7","","-22.1","","40.1","","0.0","","0.0","","2.8","","1.5","","57","","35","","46",""
"-80.80","46.63","SUDBURY A","6068153","2016-02-13","2016","02","13","","-24.2","","-36.4","","-30.3","","48.3","","0.0","","0.0","","0.0","T","0.0","T","57","","34","","33",""
"-80.80","46.63","SUDBURY A","6068153","2016-02-14","2016","02","14","","-15.3","","-33.5","","-24.4","","42.4","","0.0","","0.0","","0.0","T","0.0","T","55","","","","<31",""
"-80.80","46.63","SUDBURY A","6068153","2016-02-15","2016","02","15","","-8.5","","-18.5","","-13.5","","31.5","","0.0","","0.0","","2.4","","0.8","","55","","15","","37",""
"-80.80","46.63","SUDBURY A","6068153","2016-02-16","2016","02","16","","-3.8","","-9.1","","-6.5","","24.5","","0.0","","0.0","","0.0","T","0.0","T","55","","","","<31",""
"-80.80","46.63","SUDBURY A","6068153","2016-02-17","2016","02","17","","-5.2","","-20.0","","-12.6","","30.6","","0.0","","0.0","","0.0","T","0.0","T","55","","35","","44",""
"-80.80","46.63","SUDBURY A","6068153","2016-02-18","2016","02","18","","-4.7","","-21.1","","-12.9","","30.9","","0.0","","0.0","","0.0","","0.0","","54","","21","","44",""
"-80.80","46.63","SUDBURY A","6068153","2016-02-19","2016","02","19","","2.2","","-9.5","","-3.7","","21.7","","0.0","","2.0","","1.2","","2.7","","54","","14","","50",""
"-80.80","46.63","SUDBURY A","6068153","2016-02-20","2016","02","20","","2.4","","-0.3","","1.1","","16.9","","0.0","","1.0","","2.8","","3.2","","47","","25","","41",""
"-80.80","46.63","SUDBURY A","6068153","2016-02-21","2016","02","21","","-0.2","","-17.5","","-8.9","","26.9","","0.0","","0.0","","1.4","","1.0","","47","","36","","48",""
"-80.80","46.63","SUDBURY A","6068153","2016-02-22","2016","02","22","","-10.3","","-18.6","","-14.5","","32.5","","0.0","","0.0","","0.0","","0.0","","47","","","","<31",""
"-80.80","46.63","SUDBURY A","6068153","2016-02-23","2016","02","23","","-4.6","","-17.6","","-11.1","","29.1","","0.0","","0.0","","0.0","T","0.0","T","47","","","","<31",""
"-80.80","46.63","SUDBURY A","6068153","2016-02-24","2016","02","24","","-1.6","","-13.4","","-7.5","","25.5","","0.0","","0.0","","9.8","","8.9","","47","","1","","63",""
"-80.80","46.63","SUDBURY A","6068153","2016-02-25","2016","02","25","","-3.1","","-15.4","","-9.3","","27.3","","0.0","","0.0","","14.6","","12.2","","47","","1","","74",""
"-80.80","46.63","SUDBURY A","6068153","2016-02-26","2016","02","26","","-7.7","","-18.3","","-13.0","","31.0","","0.0","","0.0","","0.0","T","0.0","T","48","","35","","37",""
"-80.80","46.63","SUDBURY A","6068153","2016-02-27","2016","02","27","","2.1","","-9.3","","-3.6","","21.6","","0.0","","0.0","","1.2","","0.8","","48","","22","","57",""
"-80.80","46.63","SUDBURY A","6068153","2016-02-28","2016","02","28","","-9.4","","-14.5","","-12.0","","30.0","","0.0","","0.0","","23.2","","15.1","","48","","4","","44",""
"-80.80","46.63","SUDBURY A","6068153","2016-02-29","2016","02","29","","-5.4","","-23.0","","-14.2","","32.2","","0.0","","0.0","","4.2","","2.8","","65","","32","","80",""
"-80.80","46.63","SUDBURY A","6068153","2016-03-01","2016","03","01","","-12.4","","-23.5","","-18.0","","36.0","","0.0","","0.0","","5.5","","4.4","","68","","3","","37",""
"-80.80","46.63","SUDBURY A","6068153","2016-03-02","2016","03","02","","-12.6","","-23.0","","-17.8","","35.8","","0.0","","0.0","","0.0","T","0.0","T","64","","1","","43",""
"-80.80","46.63","SUDBURY A","6068153","2016-03-03","2016","03","03","","-9.2","","-26.9","","-18.1","","36.1","","0.0","","0.0","","0.0","","0.0","","63","","","","<31",""
"-80.80","46.63","SUDBURY A","6068153","2016-03-04","2016","03","04","","-2.5","","-16.5","","-9.5","","27.5","","0.0","","0.0","","1.5","","0.8","","64","","24","","37",""
"-80.80","46.63","SUDBURY A","6068153","2016-03-05","2016","03","05","","-0.7","","-11.8","","-6.3","","24.3","","0.0","","0.0","","0.0","T","0.0","T","64","","","","<31",""
"-80.80","46.63","SUDBURY A","6068153","2016-03-06","2016","03","06","","-0.3","","-9.7","","-5.0","","23.0","","0.0","","0.0","","0.3","","0.4","","63","","21","","67",""
"-80.80","46.63","SUDBURY A","6068153","2016-03-07","2016","03","07","","6.7","","-2.6","","2.1","","15.9","","0.0","","0.0","","0.0","T","0.0","T","57","","22","","43",""
"-80.80","46.63","SUDBURY A","6068153","2016-03-08","2016","03","08","","6.5","","-3.1","","1.7","","16.3","","0.0","","0.0","T","0.0","","0.0","T","45","","30","","44",""
"-80.80","46.63","SUDBURY A","6068153","2016-03-09","2016","03","09","","8.0","","-0.3","","3.9","","14.1","","0.0","","11.7","","0.0","T","11.7","","39","","2","","35",""
"-80.80","46.63","SUDBURY A","6068153","2016-03-10","2016","03","10","","-0.3","","-4.4","","-2.4","","20.4","","0.0","","0.6","","0.0","T","0.6","","31","","3","","41",""
"-80.80","46.63","SUDBURY A","6068153","2016-03-11","2016","03","11","","2.6","","-4.2","","-0.8","","18.8","","0.0","","0.0","","0.0","T","0.0","T","31","","21","","35",""
"-80.80","46.63","SUDBURY A","6068153","2016-03-12","2016","03","12","","10.1","","-2.8","","3.7","","14.3","","0.0","","0.0","","0.0","","0.0","","27","","2","","46",""
"-80.80","46.63","SUDBURY A","6068153","2016-03-13","2016","03","13","","6.2","","-3.1","","1.6","","16.4","","0.0","","0.0","","0.0","","0.0","","21","","5","","41",""
"-80.80","46.63","SUDBURY A","6068153","2016-03-14","2016","03","14","","3.5","","-0.1","","1.7","","16.3","","0.0","","14.0","","0.0","","14.0","","17","","10","","35",""
"-80.80","46.63","SUDBURY A","6068153","2016-03-15","2016","03","15","","8.5","","0.5","","4.5","","13.5","","0.0","","0.0","","0.0","","0.0","","15","","8","","41",""
"-80.80","46.63","SUDBURY A","6068153","2016-03-16","2016","03","16","","2.7","","1.1","","1.9","","16.1","","0.0","","13.5","","0.4","","13.7","","15","","7","","54",""
"-80.80","46.63","SUDBURY A","6068153","2016-03-17","2016","03","17","","5.1","","-2.9","","1.1","","16.9","","0.0","","0.0","","0.0","T","0.0","T","12","","2","","48",""
"-80.80","46.63","SUDBURY A","6068153","2016-03-18","2016","03","18","","-1.8","","-9.7","","-5.8","","23.8","","0.0","","0.0","","0.0","","0.0","","12","","1","","46",""
"-80.80","46.63","SUDBURY A","6068153","2016-03-19","2016","03","19","","-1.6","","-13.6","","-7.6","","25.6","","0.0","","0.0","","0.0","","0.0","","12","","2","","32",""
"-80.80","46.63","SUDBURY A","6068153","2016-03-20","2016","03","20","","1.8","","-9.6","","-3.9","","21.9","","0.0","","0.0","","0.0","T","0.0","T","12","","1","","41",""
"-80.80","46.63","SUDBURY A","6068153","2016-03-21","2016","03","21","","-1.4","","-8.9","","-5.2","","23.2","","0.0","","0.0","","0.0","T","0.0","T","11","","2","","39",""
"-80.80","46.63","SUDBURY A","6068153","2016-03-22","2016","03","22","","-0.9","","-10.6","","-5.8","","23.8","","0.0","","0.0","","0.0","T","0.0","T","11","","","","<31",""
"-80.80","46.63","SUDBURY A","6068153","2016-03-23","2016","03","23","","-1.8","","-10.8","","-6.3","","24.3","","0.0","","0.0","","0.0","","0.0","","10","","3","","48",""
"-80.80","46.63","SUDBURY A","6068153","2016-03-24","2016","03","24","","-5.5","","-7.9","","-6.7","","24.7","","0.0","","0.0","","27.0","","19.8","","10","","4","","57",""
"-80.80","46.63","SUDBURY A","6068153","2016-03-25","2016","03","25","","2.4","","-9.9","","-3.8","","21.8","","0.0","","0.0","","5.0","","3.6","","30","","2","","52",""
"-80.80","46.63","SUDBURY A","6068153","2016-03-26","2016","03","26","","4.3","","-9.0","","-2.4","","20.4","","0.0","","0.0","T","0.0","","0.0","T","25","","19","","33",""
"-80.80","46.63","SUDBURY A","6068153","2016-03-27","2016","03","27","","5.8","","-4.1","","0.9","","17.1","","0.0","","4.8","","0.0","","4.8","","18","","","","<31",""
"-80.80","46.63","SUDBURY A","6068153","2016-03-28","2016","03","28","","4.8","","-4.1","","0.4","","17.6","","0.0","","2.2","","0.0","T","2.2","","10","","2","","57",""
"-80.80","46.63","SUDBURY A","6068153","2016-03-29","2016","03","29","","4.6","","-7.4","","-1.4","","19.4","","0.0","","0.0","","0.0","","0.0","","","","36","","44",""
"-80.80","46.63","SUDBURY A","6068153","2016-03-30","2016","03","30","","4.2","","-3.3","","0.5","","17.5","","0.0","","9.6","","0.0","T","9.6","","5","","21","","44",""
"-80.80","46.63","SUDBURY A","6068153","2016-03-31","2016","03","31","","2.3","","0.5","","1.4","","16.6","","0.0","","21.3","","0.0","","21.3","","2","","4","","41",""
"-80.80","46.63","SUDBURY A","6068153","2016-04-01","2016","04","01","","0.6","","-3.6","","-1.5","","19.5","","0.0","","1.1","","6.1","","6.3","","1","","34","","37",""
"-80.80","46.63","SUDBURY A","6068153","2016-04-02","2016","04","02","","-1.2","","-12.6","","-6.9","","24.9","","0.0","","0.0","","8.0","","4.8","","2","","36","","50",""
"-80.80","46.63","SUDBURY A","6068153","2016-04-03","2016","04","03","","-7.5","","-19.2","","-13.4","","31.4","","0.0","","0.0","","0.0","","0.0","","4","","35","","39",""
"-80.80","46.63","SUDBURY A","6068153","2016-04-04","2016","04","04","","-5.5","","-15.9","","-10.7","","28.7","","0.0","","0.0","","0.0","","0.0","","2","","3","","33",""
"-80.80","46.63","SUDBURY A","6068153","2016-04-05","2016","04","05","","-0.7","","-16.2","","-8.5","","26.5","","0.0","","0.0","","0.0","","0.0","","2","","21","","43",""
"-80.80","46.63","SUDBURY A","6068153","2016-04-06","2016","04","06","","-2.7","","-4.5","","-3.6","","21.6","","0.0","","0.0","","18.4","","15.4","","5","","5","","39",""
"-80.80","46.63","SUDBURY A","6068153","2016-04-07","2016","04","07","","-4.1","","-10.1","","-7.1","","25.1","","0.0","","0.0","","19.7","","17.0","","23","","3","","70",""
"-80.80","46.63","SUDBURY A","6068153","2016-04-08","2016","04","08","","-3.1","","-13.4","","-8.3","","26.3","","0.0","","0.0","","0.8","","0.4","","17","","36","","50",""
"-80.80","46.63","SUDBURY A","6068153","2016-04-09","2016","04","09","","-4.1","","-16.4","","-10.3","","28.3","","0.0","","0.0","","0.0","","0.0","","12","","1","","39",""
"-80.80","46.63","SUDBURY A","6068153","2016-04-10","2016","04","10","","-1.8","","-16.0","","-8.9","","26.9","","0.0","","0.0","","1.4","","0.6","","12","","17","","46",""
"-80.80","46.63","SUDBURY A","6068153","2016-04-11","2016","04","11","","3.4","","-4.5","","-0.6","","18.6","","0.0","","0.2","","0.4","","0.2","","12","","13","","44",""
"-80.80","46.63","SUDBURY A","6068153","2016-04-12","2016","04","12","","1.3","","-4.1","","-1.4","","19.4","","0.0","","0.0","","0.0","","0.0","","6","","32","","46",""
"-80.80","46.63","SUDBURY A","6068153","2016-04-13","2016","04","13","","5.3","","-7.3","","-1.0","","19.0","","0.0","","0.0","","0.0","","0.0","","5","","","","<31",""
"-80.80","46.63","SUDBURY A","6068153","2016-04-14","2016","04","14","","8.3","","-6.3","","1.0","","17.0","","0.0","","0.0","","0.0","","0.0","","4","","","","<31",""
"-80.80","46.63","SUDBURY A","6068153","2016-04-15","2016","04","15","","13.3","","-0.1","","6.6","","11.4","","0.0","","0.0","","0.0","","0.0","","2","","","","<31",""
"-80.80","46.63","SUDBURY A","6068153","2016-04-16","2016","04","16","","15.7","","1.9","","8.8","","9.2","","0.0","","0.0","","0.0","","0.0","","0","","","","<31",""
"-80.80","46.63","SUDBURY A","6068153","2016-04-17","2016","04","17","","20.2","","2.3","","11.3","","6.7","","0.0","","0.0","","0.0","","0.0","","","","4","","33",""
"-80.80","46.63","SUDBURY A","6068153","2016-04-18","2016","04","18","","5.1","","0.5","","2.8","","15.2","","0.0","","0.6","","0.0","","0.6","","","","4","","35",""
"-80.80","46.63","SUDBURY A","6068153","2016-04-19","2016","04","19","","13.2","","-1.8","","5.7","","12.3","","0.0","","0.0","","0.0","","0.0","","","","2","","41",""
"-80.80","46.63","SUDBURY A","6068153","2016-04-20","2016","04","20","","15.6","","1.5","","8.6","","9.4","","0.0","","0.0","","0.0","","0.0","","0","","20","","39",""
"-80.80","46.63","SUDBURY A","6068153","2016-04-21","2016","04","21","","7.5","","4.9","","6.2","","11.8","","0.0","","2.6","","0.0","","2.6","","","","","","<31",""
"-80.80","46.63","SUDBURY A","6068153","2016-04-22","2016","04","22","","5.6","","-2.2","","1.7","","16.3","","0.0","","3.4","","0.0","","3.4","","","","36","","46",""
"-80.80","46.63","SUDBURY A","6068153","2016-04-23","2016","04","23","","6.3","","-4.7","","0.8","","17.2","","0.0","","","M","0.0","","","M","","","5","","33",""
"-80.80","46.63","SUDBURY A","6068153","2016-04-24","2016","04","24","","10.1","","-1.2","","4.5","","13.5","","0.0","","0.0","","0.0","","0.0","","","","25","","33",""
"-80.80","46.63","SUDBURY A","6068153","2016-04-25","2016","04","25","","4.5","","-3.2","","0.7","","17.3","","0.0","","0.0","","0.0","","0.0","","","","5","","32",""
"-80.80","46.63","SUDBURY A","6068153","2016-04-26","2016","04","26","","8.9","","-2.8","","3.1","","14.9","","0.0","","0.0","","0.0","","0.0","","","","2","","41",""
"-80.80","46.63","SUDBURY A","6068153","2016-04-27","2016","04","27","","8.8","","-6.2","","1.3","","16.7","","0.0","","0.0","","0.0","","0.0","","","","31","","44",""
"-80.80","46.63","SUDBURY A","6068153","2016-04-28","2016","04","28","","10.1","","-3.1","","3.5","","14.5","","0.0","","0.0","","0.0","","0.0","","","","3","","39",""
"-80.80","46.63","SUDBURY A","6068153","2016-04-29","2016","04","29","","11.8","","-2.1","","4.9","","13.1","","0.0","","0.0","","0.0","","0.0","","","","2","","37",""
"-80.80","46.63","SUDBURY A","6068153","2016-04-30","2016","04","30","","16.1","","-0.6","","7.8","","10.2","","0.0","","0.0","","0.0","","0.0","","","","5","","41",""
"-80.80","46.63","SUDBURY A","6068153","2016-05-01","2016","05","01","","14.0","","3.5","","8.8","","9.2","","0.0","","0.0","","0.0","","0.0","","","","4","","44",""
"-80.80","46.63","SUDBURY A","6068153","2016-05-02","2016","05","02","","17.0","","1.3","","9.2","","8.8","","0.0","","0.0","","0.0","","0.0","","","","3","","35",""
"-80.80","46.63","SUDBURY A","6068153","2016-05-03","2016","05","03","","17.3","","4.7","","11.0","","7.0","","0.0","","0.0","","0.0","","0.0","","","","22","","48",""
"-80.80","46.63","SUDBURY A","6068153","2016-05-04","2016","05","04","","15.8","","6.1","","11.0","","7.0","","0.0","","3.4","","0.0","","3.4","","","","19","","35",""
"-80.80","46.63","SUDBURY A","6068153","2016-05-05","2016","05","05","","18.7","","5.0","","11.9","","6.1","","0.0","","0.0","","0.0","","0.0","","","","2","","37",""
"-80.80","46.63","SUDBURY A","6068153","2016-05-06","2016","05","06","","23.2","","4.5","","13.9","","4.1","","0.0","","0.0","","0.0","","0.0","","","","20","","35",""
"-80.80","46.63","SUDBURY A","6068153","2016-05-07","2016","05","07","","12.1","","2.0","","7.1","","10.9","","0.0","","8.0","","0.0","","8.0","","","","36","","41",""
"-80.80","46.63","SUDBURY A","6068153","2016-05-08","2016","05","08","","7.8","","-1.9","","3.0","","15.0","","0.0","","0.0","","0.0","T","0.0","T","","","29","","41",""
"-80.80","46.63","SUDBURY A","6068153","2016-05-09","2016","05","09","","13.9","","-3.4","","5.3","","12.7","","0.0","","0.0","","0.0","","0.0","","","","36","","48",""
"-80.80","46.63","SUDBURY A","6068153","2016-05-10","2016","05","10","","18.7","","0.2","","9.5","","8.5","","0.0","","0.0","","0.0","","0.0","","","","","","<31",""
"-80.80","46.63","SUDBURY A","6068153","2016-05-11","2016","05","11","","23.5","","4.0","","13.8","","4.2","","0.0","","0.0","","0.0","","0.0","","","","13","","33",""
"-80.80","46.63","SUDBURY A","6068153","2016-05-12","2016","05","12","","21.9","","9.4","","15.7","","2.3","","0.0","","17.4","","0.0","","17.4","","","","20","","35",""
"-80.80","46.63","SUDBURY A","6068153","2016-05-13","2016","05","13","","19.3","","7.7","","13.5","","4.5","","0.0","","10.6","","0.0","","10.6","","","","22","","56",""
"-80.80","46.63","SUDBURY A","6068153","2016-05-14","2016","05","14","","7.7","","0.1","","3.9","","14.1","","0.0","","5.4","","0.0","","5.4","","","","35","","39",""
"-80.80","46.63","SUDBURY A","6068153","2016-05-15","2016","05","15","","4.7","","-1.5","","1.6","","16.4","","0.0","","0.0","T","0.0","","0.0","T","","","33","","44",""
"-80.80","46.63","SUDBURY A","6068153","2016-05-16","2016","05","16","","12.4","","-3.3","","4.6","","13.4","","0.0","","0.0","","0.0","","0.0","","","","20","","50",""
"-80.80","46.63","SUDBURY A","6068153","2016-05-17","2016","05","17","","13.9","","-0.3","","6.8","","11.2","","0.0","","0.0","","0.0","","0.0","","","","34","","44",""
"-80.80","46.63","SUDBURY A","6068153","2016-05-18","2016","05","18","","17.2","","1.1","","9.2","","8.8","","0.0","","0.0","","0.0","","0.0","","","","","","<31",""
"-80.80","46.63","SUDBURY A","6068153","2016-05-19","2016","05","19","","21.6","","7.0","","14.3","","3.7","","0.0","","0.0","","0.0","","0.0","","","","2","","33",""
"-80.80","46.63","SUDBURY A","6068153","2016-05-20","2016","05","20","","23.6","","7.1","","15.4","","2.6","","0.0","","0.0","","0.0","","0.0","","","","16","","43",""
"-80.80","46.63","SUDBURY A","6068153","2016-05-21","2016","05","21","","24.1","","5.9","","15.0","","3.0","","0.0","","0.6","","0.0","","0.6","","","","3","","46",""
"-80.80","46.63","SUDBURY A","6068153","2016-05-22","2016","05","22","","20.4","","4.7","","12.6","","5.4","","0.0","","0.0","","0.0","","0.0","","","","3","","37",""
"-80.80","46.63","SUDBURY A","6068153","2016-05-23","2016","05","23","","25.4","","6.5","","16.0","","2.0","","0.0","","0.0","","0.0","","0.0","","","","20","","43",""
"-80.80","46.63","SUDBURY A","6068153","2016-05-24","2016","05","24","","28.9","","7.7","","18.3","","0.0","","0.3","","0.0","T","0.0","","0.0","T","","","21","","50",""
"-80.80","46.63","SUDBURY A","6068153","2016-05-25","2016","05","25","","20.9","","10.2","","15.6","","2.4","","0.0","","0.0","T","0.0","","0.0","T","","","4","","39",""
"-80.80","46.63","SUDBURY A","6068153","2016-05-26","2016","05","26","","19.3","","11.7","","15.5","","2.5","","0.0","","6.0","","0.0","","6.0","","","","9","","33",""
"-80.80","46.63","SUDBURY A","6068153","2016-05-27","2016","05","27","","28.3","","14.9","","21.6","","0.0","","3.6","","0.0","","0.0","","0.0","","","","23","","37",""
"-80.80","46.63","SUDBURY A","6068153","2016-05-28","2016","05","28","","28.5","","15.5","","22.0","","0.0","","4.0","","1.8","","0.0","","1.8","","","","21","","43",""
"-80.80","46.63","SUDBURY A","6068153","2016-05-29","2016","05","29","","27.8","","16.1","","22.0","","0.0","","4.0","","0.0","","0.0","","0.0","","","","20","","56",""
"-80.80","46.63","SUDBURY A","6068153","2016-05-30","2016","05","30","","24.0","","13.4","","18.7","","0.0","","0.7","","0.2","","0.0","","0.2","","","","23","","44",""
"-80.80","46.63","SUDBURY A","6068153","2016-05-31","2016","05","31","","19.4","","8.0","","13.7","","4.3","","0.0","","0.0","","0.0","","0.0","","","","34","","43",""
"-80.80","46.63","SUDBURY A","6068153","2016-06-01","2016","06","01","","23.4","","7.4","","15.4","","2.6","","0.0","","2.0","","0.0","","2.0","","","","19","","37",""
"-80.80","46.63","SUDBURY A","6068153","2016-06-02","2016","06","02","","23.0","","10.2","","16.6","","1.4","","0.0","","0.8","","0.0","","0.8","","","","23","","50",""
"-80.80","46.63","SUDBURY A","6068153","2016-06-03","2016","06","03","","21.1","","8.1","","14.6","","3.4","","0.0","","0.0","","0.0","","0.0","","","","","","<31",""
"-80.80","46.63","SUDBURY A","6068153","2016-06-04","2016","06","04","","23.2","","11.0","","17.1","","0.9","","0.0","","0.0","","0.0","","0.0","","","","7","","32",""
"-80.80","46.63","SUDBURY A","6068153","2016-06-05","2016","06","05","","17.0","","13.1","","15.1","","2.9","","0.0","","16.4","","0.0","","16.4","","","","2","","39",""
"-80.80","46.63","SUDBURY A","6068153","2016-06-06","2016","06","06","","17.5","","10.8","","14.2","","3.8","","0.0","","5.8","","0.0","","5.8","","","","26","","44",""
"-80.80","46.63","SUDBURY A","6068153","2016-06-07","2016","06","07","","16.4","","5.9","","11.2","","6.8","","0.0","","0.6","","0.0","","0.6","","","","31","","50",""
"-80.80","46.63","SUDBURY A","6068153","2016-06-08","2016","06","08","","13.6","","3.5","","8.6","","9.4","","0.0","","0.4","","0.0","","0.4","","","","33","","52",""
"-80.80","46.63","SUDBURY A","6068153","2016-06-09","2016","06","09","","18.9","","1.5","","10.2","","7.8","","0.0","","0.0","","0.0","","0.0","","","","30","","44",""
"-80.80","46.63","SUDBURY A","6068153","2016-06-10","2016","06","10","","22.7","","4.8","","13.8","","4.2","","0.0","","1.2","","0.0","","1.2","","","","20","","39",""
"-80.80","46.63","SUDBURY A","6068153","2016-06-11","2016","06","11","","30.0","","10.3","","20.2","","0.0","","2.2","","1.0","","0.0","","1.0","","","","33","","67",""
"-80.80","46.63","SUDBURY A","6068153","2016-06-12","2016","06","12","","16.5","","7.0","","11.8","","6.2","","0.0","","0.0","","0.0","","0.0","","","","33","","61",""
"-80.80","46.63","SUDBURY A","6068153","2016-06-13","2016","06","13","","22.3","","4.3","","13.3","","4.7","","0.0","","","M","0.0","","","M","","","33","","39",""
"-80.80","46.63","SUDBURY A","6068153","2016-06-14","2016","06","14","","23.6","","4.3","","14.0","","4.0","","0.0","","0.0","","0.0","","0.0","","","","3","","32",""
"-80.80","46.63","SUDBURY A","6068153","2016-06-15","2016","06","15","","25.7","","9.8","","17.8","","0.2","","0.0","","0.0","","0.0","","0.0","","","","17","","30",""
"-80.80","46.63","SUDBURY A","6068153","2016-06-16","2016","06","16","","29.1","","15.9","","22.5","","0.0","","4.5","","0.0","","0.0","","0.0","","","","3","","43",""
"-80.80","46.63","SUDBURY A","6068153","2016-06-17","2016","06","17","","29.8","","15.8","","22.8","","0.0","","4.8","","0.0","","0.0","","0.0","","","","5","","35",""
"-80.80","46.63","SUDBURY A","6068153","2016-06-18","2016","06","18","","31.5","","14.5","","23.0","","0.0","","5.0","","0.0","","0.0","","0.0","","","","20","","43",""
"-80.80","46.63","SUDBURY A","6068153","2016-06-19","2016","06","19","","30.0","","17.1","","23.6","","0.0","","5.6","","0.0","","0.0","","0.0","","","","24","","50",""
"-80.80","46.63","SUDBURY A","6068153","2016-06-20","2016","06","20","","28.4","","10.9","","19.7","","0.0","","1.7","","0.0","","0.0","","0.0","","","","26","","78",""
"-80.80","46.63","SUDBURY A","6068153","2016-06-21","2016","06","21","","21.3","","8.2","","14.8","","3.2","","0.0","","3.7","","0.0","","3.7","","","","24","","50",""
"-80.80","46.63","SUDBURY A","6068153","2016-06-22","2016","06","22","","19.1","","7.4","","13.3","","4.7","","0.0","","0.0","","0.0","","0.0","","","","21","","32",""
"-80.80","46.63","SUDBURY A","6068153","2016-06-23","2016","06","23","","24.7","","6.2","","15.5","","2.5","","0.0","","0.0","","0.0","","0.0","","","","35","","35",""
"-80.80","46.63","SUDBURY A","6068153","2016-06-24","2016","06","24","","28.3","E","","M","","M","","M","","M","0.0","","0.0","","0.0","","","","19","","33",""
"-80.80","46.63","SUDBURY A","6068153","2016-06-25","2016","06","25","","28.4","","11.7","","20.1","","0.0","","2.1","","0.0","","0.0","","0.0","","","","19","","44",""
"-80.80","46.63","SUDBURY A","6068153","2016-06-26","2016","06","26","","26.3","","16.1","","21.2","","0.0","","3.2","","4.2","","0.0","","4.2","","","","19","","50",""
"-80.80","46.63","SUDBURY A","6068153","2016-06-27","2016","06","27","","26.4","","10.7","","18.6","","0.0","","0.6","","0.0","","0.0","","0.0","","","","34","","46",""
"-80.80","46.63","SUDBURY A","6068153","2016-06-28","2016","06","28","","20.7","","8.9","","14.8","","3.2","","0.0","","0.0","T","0.0","","0.0","T","","","2","","41",""
"-80.80","46.63","SUDBURY A","6068153","2016-06-29","2016","06","29","","26.3","","7.8","","17.1","","0.9","","0.0","","0.0","","0.0","","0.0","","","","30","","30",""
"-80.80","46.63","SUDBURY A","6068153","2016-06-30","2016","06","30","","27.0","","10.4","","18.7","","0.0","","0.7","","0.0","","0.0","","0.0","","","","20","","48",""
"-80.80","46.63","SUDBURY A","6068153","2016-07-01","2016","07","01","","16.5","","8.4","","12.5","","5.5","","0.0","","11.2","","0.0","","11.2","","","","0","","39",""
"-80.80","46.63","SUDBURY A","6068153","2016-07-02","2016","07","02","","23.0","","6.8","","14.9","","3.1","","0.0","","0.6","","0.0","","0.6","","","","33","","43",""
"-80.80","46.63","SUDBURY A","6068153","2016-07-03","2016","07","03","","26.6","","9.5","","18.1","","0.0","","0.1","","0.0","","0.0","","0.0","","","","27","","43",""
"-80.80","46.63","SUDBURY A","6068153","2016-07-04","2016","07","04","","27.7","","11.1","","19.4","","0.0","","1.4","","0.0","","0.0","","0.0","","","","21","","41",""
"-80.80","46.63","SUDBURY A","6068153","2016-07-05","2016","07","05","","28.8","","13.7","","21.3","","0.0","","3.3","","0.0","","0.0","","0.0","","","","22","","46",""
"-80.80","46.63","SUDBURY A","6068153","2016-07-06","2016","07","06","","26.1","","15.9","","21.0","","0.0","","3.0","","0.0","","0.0","","0.0","","","","","","<31",""
"-80.80","46.63","SUDBURY A","6068153","2016-07-07","2016","07","07","","26.8","","17.3","","22.1","","0.0","","4.1","","0.0","T","0.0","","0.0","T","","","5","","33",""
"-80.80","46.63","SUDBURY A","6068153","2016-07-08","2016","07","08","","24.1","","16.6","","20.4","","0.0","","2.4","","8.4","","0.0","","8.4","","","","3","","37",""
"-80.80","46.63","SUDBURY A","6068153","2016-07-09","2016","07","09","","22.5","","15.5","","19.0","","0.0","","1.0","","23.4","","0.0","","23.4","","","","3","","50",""
"-80.80","46.63","SUDBURY A","6068153","2016-07-10","2016","07","10","","25.9","","11.9","","18.9","","0.0","","0.9","","0.0","","0.0","","0.0","","","","","","<31",""
"-80.80","46.63","SUDBURY A","6068153","2016-07-11","2016","07","11","","27.2","","15.9","","21.6","","0.0","","3.6","","0.0","","0.0","","0.0","","","","19","","37",""
"-80.80","46.63","SUDBURY A","6068153","2016-07-12","2016","07","12","","30.0","","17.0","","23.5","","0.0","","5.5","","2.4","","0.0","","2.4","","","","20","","63",""
"-80.80","46.63","SUDBURY A","6068153","2016-07-13","2016","07","13","","30.7","","18.1","","24.4","","0.0","","6.4","","0.0","","0.0","","0.0","","","","22","","48",""
"-80.80","46.63","SUDBURY A","6068153","2016-07-14","2016","07","14","","27.6","","16.9","","22.3","","0.0","","4.3","","0.0","T","0.0","","0.0","T","","","22","","61",""
"-80.80","46.63","SUDBURY A","6068153","2016-07-15","2016","07","15","","17.1","","7.4","","12.3","","5.7","","0.0","","3.8","","0.0","","3.8","","","","2","","44",""
"-80.80","46.63","SUDBURY A","6068153","2016-07-16","2016","07","16","","22.6","","6.0","","14.3","","3.7","","0.0","","0.0","","0.0","","0.0","","","","","","<31",""
"-80.80","46.63","SUDBURY A","6068153","2016-07-17","2016","07","17","","23.7","","9.8","","16.8","","1.2","","0.0","","4.4","","0.0","","4.4","","","","19","","43",""
"-80.80","46.63","SUDBURY A","6068153","2016-07-18","2016","07","18","","23.9","","11.9","","17.9","","0.1","","0.0","","0.0","","0.0","","0.0","","","","32","","54",""
"-80.80","46.63","SUDBURY A","6068153","2016-07-19","2016","07","19","","23.3","","9.3","","16.3","","1.7","","0.0","","0.0","","0.0","","0.0","","","","31","","32",""
"-80.80","46.63","SUDBURY A","6068153","2016-07-20","2016","07","20","","27.1","","10.0","","18.6","","0.0","","0.6","","0.0","","0.0","","0.0","","","","21","","39",""
"-80.80","46.63","SUDBURY A","6068153","2016-07-21","2016","07","21","","28.4","","15.5","","22.0","","0.0","","4.0","","2.4","","0.0","","2.4","","","","20","","46",""
"-80.80","46.63","SUDBURY A","6068153","2016-07-22","2016","07","22","","32.6","","17.3","","25.0","","0.0","","7.0","","0.0","","0.0","","0.0","","","","1","","44",""
"-80.80","46.63","SUDBURY A","6068153","2016-07-23","2016","07","23","","28.1","","14.9","","21.5","","0.0","","3.5","","0.0","","0.0","","0.0","","","","3","","39",""
"-80.80","46.63","SUDBURY A","6068153","2016-07-24","2016","07","24","","23.7","","16.9","","20.3","","0.0","","2.3","","10.2","","0.0","","10.2","","","","18","","35",""
"-80.80","46.63","SUDBURY A","6068153","2016-07-25","2016","07","25","","28.0","","15.8","","21.9","","0.0","","3.9","","14.6","","0.0","","14.6","","","","26","","46",""
"-80.80","46.63","SUDBURY A","6068153","2016-07-26","2016","07","26","","29.8","","14.6","","22.2","","0.0","","4.2","","0.0","","0.0","","0.0","","","","22","","33",""
"-80.80","46.63","SUDBURY A","6068153","2016-07-27","2016","07","27","","28.1","","17.2","","22.7","","0.0","","4.7","","0.4","","0.0","","0.4","","","","32","","32",""
"-80.80","46.63","SUDBURY A","6068153","2016-07-28","2016","07","28","","25.4","","13.3","","19.4","","0.0","","1.4","","0.0","","0.0","","0.0","","","","2","","35",""
"-80.80","46.63","SUDBURY A","6068153","2016-07-29","2016","07","29","","22.9","","10.2","","16.6","","1.4","","0.0","","0.0","","0.0","","0.0","","","","4","","33",""
"-80.80","46.63","SUDBURY A","6068153","2016-07-30","2016","07","30","","26.1","","12.4","","19.3","","0.0","","1.3","","0.0","","0.0","","0.0","","","","7","","32",""
"-80.80","46.63","SUDBURY A","6068153","2016-07-31","2016","07","31","","28.5","","15.0","","21.8","","0.0","","3.8","","0.0","","0.0","","0.0","","","","14","","32",""
"-80.80","46.63","SUDBURY A","6068153","2016-08-01","2016","08","01","","30.0","","17.4","","23.7","","0.0","","5.7","","0.0","","0.0","","0.0","","","","","","<31",""
"-80.80","46.63","SUDBURY A","6068153","2016-08-02","2016","08","02","","31.2","","15.3","","23.3","","0.0","","5.3","","0.0","","0.0","","0.0","","","","18","","33",""
"-80.80","46.63","SUDBURY A","6068153","2016-08-03","2016","08","03","","30.4","","17.3","","23.9","","0.0","","5.9","","51.2","","0.0","","51.2","","","","31","","70",""
"-80.80","46.63","SUDBURY A","6068153","2016-08-04","2016","08","04","","31.4","","17.5","","24.5","","0.0","","6.5","","0.0","","0.0","","0.0","","","","20","","46",""
"-80.80","46.63","SUDBURY A","6068153","2016-08-05","2016","08","05","","28.9","","15.9","","22.4","","0.0","","4.4","","4.2","","0.0","","4.2","","","","25","","48",""
"-80.80","46.63","SUDBURY A","6068153","2016-08-06","2016","08","06","","24.5","","13.6","","19.1","","0.0","","1.1","","1.2","","0.0","","1.2","","","","32","","37",""
"-80.80","46.63","SUDBURY A","6068153","2016-08-07","2016","08","07","","24.9","","12.8","","18.9","","0.0","","0.9","","0.0","","0.0","","0.0","","","","35","","35",""
"-80.80","46.63","SUDBURY A","6068153","2016-08-08","2016","08","08","","28.0","","12.3","","20.2","","0.0","","2.2","","0.0","","0.0","","0.0","","","","","","<31",""
"-80.80","46.63","SUDBURY A","6068153","2016-08-09","2016","08","09","","29.1","","12.2","","20.7","","0.0","","2.7","","0.0","","0.0","","0.0","","","","24","","48",""
"-80.80","46.63","SUDBURY A","6068153","2016-08-10","2016","08","10","","30.8","","15.8","","23.3","","0.0","","5.3","","1.8","","0.0","","1.8","","","","31","","35",""
"-80.80","46.63","SUDBURY A","6068153","2016-08-11","2016","08","11","","30.8","","16.8","","23.8","","0.0","","5.8","","6.4","","0.0","","6.4","","","","5","","35",""
"-80.80","46.63","SUDBURY A","6068153","2016-08-12","2016","08","12","","19.4","","15.6","","17.5","","0.5","","0.0","","20.7","","0.0","","20.7","","","","5","","48",""
"-80.80","46.63","SUDBURY A","6068153","2016-08-13","2016","08","13","","16.9","","13.9","","15.4","","2.6","","0.0","","12.9","","0.0","","12.9","","","","3","","43",""
"-80.80","46.63","SUDBURY A","6068153","2016-08-14","2016","08","14","","23.1","","13.6","","18.4","","0.0","","0.4","","0.0","T","0.0","","0.0","T","","","","","<31",""
"-80.80","46.63","SUDBURY A","6068153","2016-08-15","2016","08","15","","25.9","","14.3","","20.1","","0.0","","2.1","","17.6","","0.0","","17.6","","","","30","","41",""
"-80.80","46.63","SUDBURY A","6068153","2016-08-16","2016","08","16","","21.5","","14.7","","18.1","","0.0","","0.1","","1.0","","0.0","","1.0","","","","10","","30",""
"-80.80","46.63","SUDBURY A","6068153","2016-08-17","2016","08","17","","24.2","","15.0","","19.6","","0.0","","1.6","","0.0","","0.0","","0.0","","","","","","<31",""
"-80.80","46.63","SUDBURY A","6068153","2016-08-18","2016","08","18","","27.9","","14.4","","21.2","","0.0","","3.2","","0.0","","0.0","","0.0","","","","20","","32",""
"-80.80","46.63","SUDBURY A","6068153","2016-08-19","2016","08","19","","28.2","","16.6","","22.4","","0.0","","4.4","","5.8","","0.0","","5.8","","","","19","","43",""
"-80.80","46.63","SUDBURY A","6068153","2016-08-20","2016","08","20","","26.5","","19.4","","23.0","","0.0","","5.0","","15.1","","0.0","","15.1","","","","17","","78",""
"-80.80","46.63","SUDBURY A","6068153","2016-08-21","2016","08","21","","21.5","","8.5","","15.0","","3.0","","0.0","","2.2","","0.0","","2.2","","","","22","","54",""
"-80.80","46.63","SUDBURY A","6068153","2016-08-22","2016","08","22","","21.8","","6.8","","14.3","","3.7","","0.0","","0.0","","0.0","","0.0","","","","24","","33",""
"-80.80","46.63","SUDBURY A","6068153","2016-08-23","2016","08","23","","25.0","","12.9","","19.0","","0.0","","1.0","","0.0","","0.0","","0.0","","","","21","","43",""
"-80.80","46.63","SUDBURY A","6068153","2016-08-24","2016","08","24","","23.2","","15.1","","19.2","","0.0","","1.2","","20.8","","0.0","","20.8","","","","21","","48",""
"-80.80","46.63","SUDBURY A","6068153","2016-08-25","2016","08","25","","26.4","","14.9","","20.7","","0.0","","2.7","","0.0","","0.0","","0.0","","","","21","","35",""
"-80.80","46.63","SUDBURY A","6068153","2016-08-26","2016","08","26","","24.5","E","13.6","E","19.1","E","0.0","E","1.1","E","","M","","M","0.0","E","","","","M","","M"
"-80.80","46.63","SUDBURY A","6068153","2016-08-27","2016","08","27","","22.0","","14.2","","18.1","","0.0","","0.1","","2.8","","0.0","","2.8","","","","","","<31",""
"-80.80","46.63","SUDBURY A","6068153","2016-08-28","2016","08","28","","24.7","","14.2","","19.5","","0.0","","1.5","","1.4","","0.0","","1.4","","","","31","","37",""
"-80.80","46.63","SUDBURY A","6068153","2016-08-29","2016","08","29","","23.9","","12.2","","18.1","","0.0","","0.1","","0.0","","0.0","","0.0","","","","","","<31",""
"-80.80","46.63","SUDBURY A","6068153","2016-08-30","2016","08","30","","26.4","","15.6","","21.0","","0.0","","3.0","","6.0","","0.0","","6.0","","","","","","<31",""
"-80.80","46.63","SUDBURY A","6068153","2016-08-31","2016","08","31","","21.5","","12.0","","16.8","","1.2","","0.0","","0.0","","0.0","","0.0","","","","33","","37",""
"-80.80","46.63","SUDBURY A","6068153","2016-09-01","2016","09","01","","19.6","","10.6","","15.1","","2.9","","0.0","","0.0","","0.0","","0.0","","","","3","","52",""
"-80.80","46.63","SUDBURY A","6068153","2016-09-02","2016","09","02","","19.6","","6.6","","13.1","","4.9","","0.0","","0.0","","0.0","","0.0","","","","35","","30",""
"-80.80","46.63","SUDBURY A","6068153","2016-09-03","2016","09","03","","24.0","E","","M","","M","","M","","M","0.0","","0.0","","0.0","","","","","","<31",""
"-80.80","46.63","SUDBURY A","6068153","2016-09-04","2016","09","04","","24.8","","9.5","","17.2","","0.8","","0.0","","0.0","","0.0","","0.0","","","","20","","35",""
"-80.80","46.63","SUDBURY A","6068153","2016-09-05","2016","09","05","","26.0","","12.1","","19.1","","0.0","","1.1","","0.0","","0.0","","0.0","","","","20","","46",""
"-80.80","46.63","SUDBURY A","6068153","2016-09-06","2016","09","06","","29.5","","16.8","","23.2","","0.0","","5.2","","0.0","","0.0","","0.0","","","","22","","41",""
"-80.80","46.63","SUDBURY A","6068153","2016-09-07","2016","09","07","","25.8","","16.7","","21.3","","0.0","","3.3","","2.2","","0.0","","2.2","","","","3","","33",""
"-80.80","46.63","SUDBURY A","6068153","2016-09-08","2016","09","08","","21.1","","15.1","","18.1","","0.0","","0.1","","10.2","","0.0","","10.2","","","","4","","35",""
"-80.80","46.63","SUDBURY A","6068153","2016-09-09","2016","09","09","","23.7","","10.9","","17.3","","0.7","","0.0","","0.0","","0.0","","0.0","","","","23","","35",""
"-80.80","46.63","SUDBURY A","6068153","2016-09-10","2016","09","10","","23.9","","10.7","","17.3","","0.7","","0.0","","1.6","","0.0","","1.6","","","","32","","78",""
"-80.80","46.63","SUDBURY A","6068153","2016-09-11","2016","09","11","","19.4","","8.3","","13.9","","4.1","","0.0","","0.0","","0.0","","0.0","","","","30","","63",""
"-80.80","46.63","SUDBURY A","6068153","2016-09-12","2016","09","12","","23.7","","10.7","","17.2","","0.8","","0.0","","0.0","","0.0","","0.0","","","","21","","52",""
"-80.80","46.63","SUDBURY A","6068153","2016-09-13","2016","09","13","","20.4","","10.5","","15.5","","2.5","","0.0","","10.0","","0.0","","10.0","","","","22","","43",""
"-80.80","46.63","SUDBURY A","6068153","2016-09-14","2016","09","14","","14.8","","7.8","","11.3","","6.7","","0.0","","0.0","T","0.0","","0.0","T","","","36","","35",""
"-80.80","46.63","SUDBURY A","6068153","2016-09-15","2016","09","15","","18.8","","7.4","","13.1","","4.9","","0.0","","0.0","","0.0","","0.0","","","","21","","39",""
"-80.80","46.63","SUDBURY A","6068153","2016-09-16","2016","09","16","","21.1","","9.0","","15.1","","2.9","","0.0","","0.0","","0.0","","0.0","","","","20","","37",""
"-80.80","46.63","SUDBURY A","6068153","2016-09-17","2016","09","17","","22.2","","14.0","","18.1","","0.0","","0.1","","6.4","","0.0","","6.4","","","","20","","32",""
"-80.80","46.63","SUDBURY A","6068153","2016-09-18","2016","09","18","","21.4","","14.0","","17.7","","0.3","","0.0","","0.0","","0.0","","0.0","","","","","","<31",""
"-80.80","46.63","SUDBURY A","6068153","2016-09-19","2016","09","19","","23.8","","13.9","","18.9","","0.0","","0.9","","7.2","","0.0","","7.2","","","","20","","52",""
"-80.80","46.63","SUDBURY A","6068153","2016-09-20","2016","09","20","","22.4","","11.4","","16.9","","1.1","","0.0","","0.0","","0.0","","0.0","","","","29","","44",""
"-80.80","46.63","SUDBURY A","6068153","2016-09-21","2016","09","21","","22.9","","10.5","","16.7","","1.3","","0.0","","0.0","","0.0","","0.0","","","","","","<31",""
"-80.80","46.63","SUDBURY A","6068153","2016-09-22","2016","09","22","","14.6","","10.3","","12.5","","5.5","","0.0","","9.6","","0.0","","9.6","","","","3","","37",""
"-80.80","46.63","SUDBURY A","6068153","2016-09-23","2016","09","23","","14.1","","3.4","","8.8","","9.2","","0.0","","0.0","","0.0","","0.0","","","","4","","37",""
"-80.80","46.63","SUDBURY A","6068153","2016-09-24","2016","09","24","","16.1","","1.6","","8.9","","9.1","","0.0","","0.0","","0.0","","0.0","","","","34","","32",""
"-80.80","46.63","SUDBURY A","6068153","2016-09-25","2016","09","25","","17.0","","1.7","","9.4","","8.6","","0.0","","0.0","","0.0","","0.0","","","","14","","32",""
"-80.80","46.63","SUDBURY A","6068153","2016-09-26","2016","09","26","","14.0","","9.3","","11.7","","6.3","","0.0","","17.0","","0.0","","17.0","","","","16","","44",""
"-80.80","46.63","SUDBURY A","6068153","2016-09-27","2016","09","27","","16.1","","8.6","","12.4","","5.6","","0.0","","4.2","","0.0","","4.2","","","","19","","44",""
"-80.80","46.63","SUDBURY A","6068153","2016-09-28","2016","09","28","","20.2","","9.0","","14.6","","3.4","","0.0","","0.0","","0.0","","0.0","","","","3","","30",""
"-80.80","46.63","SUDBURY A","6068153","2016-09-29","2016","09","29","","20.0","","10.0","","15.0","","3.0","","0.0","","0.0","","0.0","","0.0","","","","4","","37",""
"-80.80","46.63","SUDBURY A","6068153","2016-09-30","2016","09","30","","19.0","","10.1","","14.6","","3.4","","0.0","","0.0","","0.0","","0.0","","","","4","","33",""
"-80.80","46.63","SUDBURY A","6068153","2016-10-01","2016","10","01","","19.7","","10.9","","15.3","","2.7","","0.0","","","M","0.0","","","M","","","4","","32",""
"-80.80","46.63","SUDBURY A","6068153","2016-10-02","2016","10","02","","13.4","","9.6","","11.5","","6.5","","0.0","","7.0","","0.0","","7.0","","","","2","","33",""
"-80.80","46.63","SUDBURY A","6068153","2016-10-03","2016","10","03","","14.7","","8.9","","11.8","","6.2","","0.0","","0.0","","0.0","","0.0","","","","2","","37",""
"-80.80","46.63","SUDBURY A","6068153","2016-10-04","2016","10","04","","16.9","","9.7","","13.3","","4.7","","0.0","","0.2","","0.0","","0.2","","","","","","<31",""
"-80.80","46.63","SUDBURY A","6068153","2016-10-05","2016","10","05","","20.0","","11.9","","16.0","","2.0","","0.0","","2.4","","0.0","","2.4","","","","18","","44",""
"-80.80","46.63","SUDBURY A","6068153","2016-10-06","2016","10","06","","22.1","","14.8","","18.5","","0.0","","0.5","","0.0","","0.0","","0.0","","","","19","","39",""
"-80.80","46.63","SUDBURY A","6068153","2016-10-07","2016","10","07","","22.5","","9.5","","16.0","","2.0","","0.0","","12.0","","0.0","","12.0","","","","19","","56",""
"-80.80","46.63","SUDBURY A","6068153","2016-10-08","2016","10","08","","12.7","","2.8","","7.8","","10.2","","0.0","","0.0","T","0.0","","0.0","T","","","30","","43",""
"-80.80","46.63","SUDBURY A","6068153","2016-10-09","2016","10","09","","8.1","","-2.5","","2.8","","15.2","","0.0","","0.0","","0.0","T","0.0","T","","","2","","37",""
"-80.80","46.63","SUDBURY A","6068153","2016-10-10","2016","10","10","","11.1","","-3.3","","3.9","","14.1","","0.0","","0.0","","0.0","","0.0","","","","22","","39",""
"-80.80","46.63","SUDBURY A","6068153","2016-10-11","2016","10","11","","16.6","","3.6","","10.1","","7.9","","0.0","","0.0","","0.0","","0.0","","","","19","","44",""
"-80.80","46.63","SUDBURY A","6068153","2016-10-12","2016","10","12","","19.8","","4.1","","12.0","","6.0","","0.0","","24.4","","0.0","","24.4","","","","19","","54",""
"-80.80","46.63","SUDBURY A","6068153","2016-10-13","2016","10","13","","8.2","","0.0","","4.1","","13.9","","0.0","","4.8","","0.0","","4.8","","","","35","","50",""
"-80.80","46.63","SUDBURY A","6068153","2016-10-14","2016","10","14","","11.3","","3.6","","7.5","","10.5","","0.0","","0.0","","0.0","","0.0","","","","19","","35",""
"-80.80","46.63","SUDBURY A","6068153","2016-10-15","2016","10","15","","15.4","","5.7","","10.6","","7.4","","0.0","","0.8","","0.0","","0.8","","","","20","","56",""
"-80.80","46.63","SUDBURY A","6068153","2016-10-16","2016","10","16","","21.2","","4.3","","12.8","","5.2","","0.0","","1.0","","0.0","","1.0","","","","2","","46",""
"-80.80","46.63","SUDBURY A","6068153","2016-10-17","2016","10","17","","12.4","","2.1","","7.3","","10.7","","0.0","","14.6","","0.0","","14.6","","","","10","","56",""
"-80.80","46.63","SUDBURY A","6068153","2016-10-18","2016","10","18","","18.8","","5.1","","12.0","","6.0","","0.0","","8.9","","0.0","","8.9","","","","29","","67",""
"-80.80","46.63","SUDBURY A","6068153","2016-10-19","2016","10","19","","16.4","","3.0","","9.7","","8.3","","0.0","","0.0","","0.0","","0.0","","","","20","","37",""
"-80.80","46.63","SUDBURY A","6068153","2016-10-20","2016","10","20","","9.9","","3.9","","6.9","","11.1","","0.0","","0.0","","0.0","","0.0","","","","34","","46",""
"-80.80","46.63","SUDBURY A","6068153","2016-10-21","2016","10","21","","4.6","","1.4","","3.0","","15.0","","0.0","","0.0","","0.0","T","0.0","T","","","1","","50",""
"-80.80","46.63","SUDBURY A","6068153","2016-10-22","2016","10","22","","5.3","","-2.2","","1.6","","16.4","","0.0","","0.2","","0.7","","0.5","","0","T","35","","48",""
"-80.80","46.63","SUDBURY A","6068153","2016-10-23","2016","10","23","","9.3","","-3.4","","3.0","","15.0","","0.0","","0.2","","0.0","T","0.2","","","","33","","43",""
"-80.80","46.63","SUDBURY A","6068153","2016-10-24","2016","10","24","","6.5","","-0.7","","2.9","","15.1","","0.0","","0.0","","0.0","T","0.0","T","","","35","","56",""
"-80.80","46.63","SUDBURY A","6068153","2016-10-25","2016","10","25","","3.3","","-3.4","","-0.1","","18.1","","0.0","","0.0","","0.0","","0.0","","","","33","","48",""
"-80.80","46.63","SUDBURY A","6068153","2016-10-26","2016","10","26","","1.1","","-7.1","","-3.0","","21.0","","0.0","","0.0","","0.0","","0.0","","","","5","","33",""
"-80.80","46.63","SUDBURY A","6068153","2016-10-27","2016","10","27","","1.2","","-3.6","","-1.2","","19.2","","0.0","","0.0","","0.0","T","0.0","T","","","8","","39",""
"-80.80","46.63","SUDBURY A","6068153","2016-10-28","2016","10","28","","5.9","","-6.6","","-0.4","","18.4","","0.0","","14.6","","0.0","T","14.6","","","","17","","48",""
"-80.80","46.63","SUDBURY A","6068153","2016-10-29","2016","10","29","","12.0","","2.6","","7.3","","10.7","","0.0","","2.8","","0.0","","2.8","","","","32","","41",""
"-80.80","46.63","SUDBURY A","6068153","2016-10-30","2016","10","30","","6.6","","0.5","","3.6","","14.4","","0.0","","1.4","","0.0","","1.4","","","","33","","35",""
"-80.80","46.63","SUDBURY A","6068153","2016-10-31","2016","10","31","","4.7","","-1.4","","1.7","","16.3","","0.0","","","M","","M","","M","","","","","<31",""
"-80.80","46.63","SUDBURY A","6068153","2016-11-01","2016","11","01","","11.5","","3.9","","7.7","","10.3","","0.0","","","M","0.0","","","M","","","16","","46",""
"-80.80","46.63","SUDBURY A","6068153","2016-11-02","2016","11","02","","","M","2.9","E","","M","","M","","M","0.0","","0.0","","0.0","","","","","","<31",""
"-80.80","46.63","SUDBURY A","6068153","2016-11-03","2016","11","03","","8.1","","-1.4","","3.4","","14.6","","0.0","","0.4","","0.0","","0.4","","","","36","","33",""
"-80.80","46.63","SUDBURY A","6068153","2016-11-04","2016","11","04","","7.3","","-4.6","","1.4","","16.6","","0.0","","0.0","","0.0","","0.0","","","","23","","37",""
"-80.80","46.63","SUDBURY A","6068153","2016-11-05","2016","11","05","","13.2","","0.0","","6.6","","11.4","","0.0","","0.0","","0.0","","0.0","","","","32","","37",""
"-80.80","46.63","SUDBURY A","6068153","2016-11-06","2016","11","06","","13.0","","0.0","","6.5","","11.5","","0.0","","0.0","","0.0","","0.0","","","","21","","30",""
"-80.80","46.63","SUDBURY A","6068153","2016-11-07","2016","11","07","","16.6","","3.3","","10.0","","8.0","","0.0","","0.0","","0.0","","0.0","","","","21","","37",""
"-80.80","46.63","SUDBURY A","6068153","2016-11-08","2016","11","08","","10.4","","1.8","","6.1","","11.9","","0.0","","5.0","","0.0","","5.0","","","","1","","50",""
"-80.80","46.63","SUDBURY A","6068153","2016-11-09","2016","11","09","","4.8","","-0.8","","2.0","","16.0","","0.0","","0.0","","0.2","","0.0","T","0","T","35","","43",""
"-80.80","46.63","SUDBURY A","6068153","2016-11-10","2016","11","10","","14.2","","2.2","","8.2","","9.8","","0.0","","0.8","","0.0","","0.8","","","","34","","70",""
"-80.80","46.63","SUDBURY A","6068153","2016-11-11","2016","11","11","","2.9","","-3.1","","-0.1","","18.1","","0.0","","0.0","","0.0","T","0.0","T","","","34","","65",""
"-80.80","46.63","SUDBURY A","6068153","2016-11-12","2016","11","12","","7.7","","-5.7","","1.0","","17.0","","0.0","","0.0","","0.0","","0.0","","","","22","","65",""
"-80.80","46.63","SUDBURY A","6068153","2016-11-13","2016","11","13","","10.6","","2.8","","6.7","","11.3","","0.0","","0.0","","0.0","","0.0","","","","21","","44",""
"-80.80","46.63","SUDBURY A","6068153","2016-11-14","2016","11","14","","9.5","","2.8","","6.2","","11.8","","0.0","","0.0","","0.0","","0.0","","","","3","","32",""
"-80.80","46.63","SUDBURY A","6068153","2016-11-15","2016","11","15","","9.0","","3.1","","6.1","","11.9","","0.0","","0.0","T","0.0","","0.0","T","","","","","<31",""
"-80.80","46.63","SUDBURY A","6068153","2016-11-16","2016","11","16","","7.9","","-0.1","","3.9","","14.1","","0.0","","1.2","","0.0","","1.2","","","","32","","32",""
"-80.80","46.63","SUDBURY A","6068153","2016-11-17","2016","11","17","","9.9","","-2.5","","3.7","","14.3","","0.0","","0.0","","0.0","","0.0","","","","18","","44",""
"-80.80","46.63","SUDBURY A","6068153","2016-11-18","2016","11","18","","15.4","","3.9","","9.7","","8.3","","0.0","","1.6","","0.0","","1.6","","","","18","","48",""
"-80.80","46.63","SUDBURY A","6068153","2016-11-19","2016","11","19","","12.8","","-5.0","","3.9","","14.1","","0.0","","5.8","","4.0","","8.2","","4","","35","","57",""
"-80.80","46.63","SUDBURY A","6068153","2016-11-20","2016","11","20","","-5.0","","-7.8","","-6.4","","24.4","","0.0","","0.0","","3.8","","1.2","","6","","32","","70",""
"-80.80","46.63","SUDBURY A","6068153","2016-11-21","2016","11","21","","-4.3","","-7.9","","-6.1","","24.1","","0.0","","0.0","","0.4","","0.0","T","7","","31","","70",""
"-80.80","46.63","SUDBURY A","6068153","2016-11-22","2016","11","22","","-3.1","","-7.1","","-5.1","","23.1","","0.0","","0.0","","0.0","T","0.0","T","7","","33","","48",""
"-80.80","46.63","SUDBURY A","6068153","2016-11-23","2016","11","23","","-4.2","","-8.3","","-6.3","","24.3","","0.0","","0.0","","0.4","","0.2","","6","","","","<31",""
"-80.80","46.63","SUDBURY A","6068153","2016-11-24","2016","11","24","","-1.4","","-4.5","","-3.0","","21.0","","0.0","","0.0","","7.2","","5.4","","6","","","","<31",""
"-80.80","46.63","SUDBURY A","6068153","2016-11-25","2016","11","25","","0.1","","-2.2","","-1.1","","19.1","","0.0","","0.0","","2.4","","1.8","","7","","","","<31",""
"-80.80","46.63","SUDBURY A","6068153","2016-11-26","2016","11","26","","-0.9","","-4.2","","-2.6","","20.6","","0.0","","0.0","","0.0","T","0.0","T","8","","","","<31",""
"-80.80","46.63","SUDBURY A","6068153","2016-11-27","2016","11","27","","0.9","","-6.3","","-2.7","","20.7","","0.0","","0.0","","0.0","","0.0","","8","","","","<31",""
"-80.80","46.63","SUDBURY A","6068153","2016-11-28","2016","11","28","","2.6","","-1.9","","0.4","","17.6","","0.0","","1.2","","0.0","","1.2","","6","","11","","43",""
"-80.80","46.63","SUDBURY A","6068153","2016-11-29","2016","11","29","","10.3","","0.1","","5.2","","12.8","","0.0","","19.6","","0.0","","19.6","","","","12","","61",""
"-80.80","46.63","SUDBURY A","6068153","2016-11-30","2016","11","30","","6.2","","2.4","","4.3","","13.7","","0.0","","4.8","","0.0","","4.8","","","","","","<31",""
"-80.80","46.63","SUDBURY A","6068153","2016-12-01","2016","12","01","","4.1","","-0.4","","1.9","","16.1","","0.0","","1.8","","0.0","T","1.8","","","","26","","37",""
"-80.80","46.63","SUDBURY A","6068153","2016-12-02","2016","12","02","","1.2","","-1.9","","-0.4","","18.4","","0.0","","0.0","","0.0","T","0.0","T","","","31","","48",""
"-80.80","46.63","SUDBURY A","6068153","2016-12-03","2016","12","03","","-0.9","","-5.2","","-3.1","","21.1","","0.0","","0.0","","0.0","T","0.0","T","","","31","","41",""
"-80.80","46.63","SUDBURY A","6068153","2016-12-04","2016","12","04","","-4.3","","-6.2","","-5.3","","23.3","","0.0","","0.0","","4.0","","3.8","","4","","10","","32",""
"-80.80","46.63","SUDBURY A","6068153","2016-12-05","2016","12","05","","-0.1","","-5.3","","-2.7","","20.7","","0.0","","0.0","","7.4","","5.2","","10","","9","","30",""
"-80.80","46.63","SUDBURY A","6068153","2016-12-06","2016","12","06","","-1.2","","-7.7","","-4.5","","22.5","","0.0","","","M","3.2","","1.8","","11","","11","","37",""
"-80.80","46.63","SUDBURY A","6068153","2016-12-07","2016","12","07","","0.3","","-4.8","","-2.3","","20.3","","0.0","","0.0","","8.8","","5.6","","12","","23","","50",""
"-80.80","46.63","SUDBURY A","6068153","2016-12-08","2016","12","08","","-4.2","","-11.6","","-7.9","","25.9","","0.0","","0.0","","0.8","","0.4","","18","","22","","50",""
"-80.80","46.63","SUDBURY A","6068153","2016-12-09","2016","12","09","","-8.6","","-13.1","","-10.9","","28.9","","0.0","","0.0","","0.4","","0.0","T","18","","32","","43",""
"-80.80","46.63","SUDBURY A","6068153","2016-12-10","2016","12","10","","-9.6","","-16.5","","-13.1","","31.1","","0.0","","0.0","","0.0","T","0.0","T","18","","","","<31",""
"-80.80","46.63","SUDBURY A","6068153","2016-12-11","2016","12","11","","-7.5","","-14.2","","-10.9","","28.9","","0.0","","0.0","","5.8","","2.5","","18","","7","","33",""
"-80.80","46.63","SUDBURY A","6068153","2016-12-12","2016","12","12","","-5.6","","-8.7","","-7.2","","25.2","","0.0","","0.0","","6.0","","2.7","","22","","6","","33",""
"-80.80","46.63","SUDBURY A","6068153","2016-12-13","2016","12","13","","-3.2","","-18.3","","-10.8","","28.8","","0.0","","0.0","","2.1","","0.8","","18","","26","","57",""
"-80.80","46.63","SUDBURY A","6068153","2016-12-14","2016","12","14","","-9.9","","-20.8","","-15.4","","33.4","","0.0","","0.0","","2.8","","1.2","","16","","22","","54",""
"-80.80","46.63","SUDBURY A","6068153","2016-12-15","2016","12","15","","-17.4","","-25.6","","-21.5","","39.5","","0.0","","0.0","","0.0","T","0.0","T","18","","31","","52",""
"-80.80","46.63","SUDBURY A","6068153","2016-12-16","2016","12","16","","-9.7","","-21.1","","-15.4","","33.4","","0.0","","0.0","","2.6","","0.8","","18","","16","","30",""
"-80.80","46.63","SUDBURY A","6068153","2016-12-17","2016","12","17","","-6.9","","-16.1","","-11.5","","29.5","","0.0","","0.0","","17.6","","10.6","","24","","36","","41",""
"-80.80","46.63","SUDBURY A","6068153","2016-12-18","2016","12","18","","-16.1","","-25.1","","-20.6","","38.6","","0.0","","0.0","","0.8","","0.8","","34","","1","","44",""
"-80.80","46.63","SUDBURY A","6068153","2016-12-19","2016","12","19","","-5.7","","-24.5","","-15.1","","33.1","","0.0","","0.0","","0.0","T","0.0","T","34","","20","","57",""
"-80.80","46.63","SUDBURY A","6068153","2016-12-20","2016","12","20","","0.6","","-6.1","","-2.8","","20.8","","0.0","","0.0","","1.8","","1.0","","34","","21","","70",""
"-80.80","46.63","SUDBURY A","6068153","2016-12-21","2016","12","21","","0.7","","-3.0","","-1.2","","19.2","","0.0","","0.0","","2.6","","1.4","","31","","26","","44",""
"-80.80","46.63","SUDBURY A","6068153","2016-12-22","2016","12","22","","0.4","","-2.5","","-1.1","","19.1","","0.0","","0.0","","4.9","","3.2","","28","","24","","46",""
"-80.80","46.63","SUDBURY A","6068153","2016-12-23","2016","12","23","","1.5","","-2.3","","-0.4","","18.4","","0.0","","0.0","","1.2","","0.8","","26","","23","","39",""
"-80.80","46.63","SUDBURY A","6068153","2016-12-24","2016","12","24","","2.6","","-6.7","","-2.1","","20.1","","0.0","","0.0","","3.0","","3.0","","25","","34","","44",""
"-80.80","46.63","SUDBURY A","6068153","2016-12-25","2016","12","25","","-6.8","","-13.4","","-10.1","","28.1","","0.0","","0.0","T","0.0","","0.0","T","22","","36","","41",""
"-80.80","46.63","SUDBURY A","6068153","2016-12-26","2016","12","26","","5.2","","-11.3","","-3.1","","21.1","","0.0","","8.6","","5.2","","13.2","","22","","27","","70",""
"-80.80","46.63","SUDBURY A","6068153","2016-12-27","2016","12","27","","0.0","","-12.6","","-6.3","","24.3","","0.0","","1.2","","2.8","","2.5","","19","","25","","46",""
"-80.80","46.63","SUDBURY A","6068153","2016-12-28","2016","12","28","","-5.8","","-12.8","","-9.3","","27.3","","0.0","","0.4","","0.8","","0.8","","21","","15","","39",""
"-80.80","46.63","SUDBURY A","6068153","2016-12-29","2016","12","29","","0.0","","-7.8","","-3.9","","21.9","","0.0","","0.0","","9.4","","6.2","","28","","32","","43",""
"-80.80","46.63","SUDBURY A","6068153","2016-12-30","2016","12","30","","-7.8","","-17.5","","-12.7","","30.7","","0.0","","0.0","","0.0","T","0.0","T","32","","32","","48",""
"-80.80","46.63","SUDBURY A","6068153","2016-12-31","2016","12","31","","-9.1","","-15.4","","-12.3","","30.3","","0.0","","0.0","","10.8","","6.4","","32","","7","","37",""
